Temp,Humidity,Barometer,DATETIME,TOTALDEMAND
18,32,1011,01-05-2019 00:30,4257.58
17,34,1011,01-05-2019 01:00,4106.36
17,34,1011,01-05-2019 01:30,3941.44
17,34,1010,01-05-2019 02:00,3818
15,42,1010,01-05-2019 02:30,3659.1
15,42,1009,01-05-2019 03:00,3544
16,39,1009,01-05-2019 03:30,3499.8
15,45,1009,01-05-2019 04:00,3470.64
16,45,1009,01-05-2019 04:30,3490.37
16,45,1010,01-05-2019 05:00,3539.39
19,43,1010,01-05-2019 05:30,3666.91
19,43,1010,01-05-2019 06:00,3860.35
19,49,1010,01-05-2019 06:30,4226.39
19,46,1011,01-05-2019 07:00,4626.9
19,46,1011,01-05-2019 07:30,4807.05
18,56,1012,01-05-2019 08:00,5074.16
17,73,1012,01-05-2019 08:30,5083.77
17,68,1011,01-05-2019 09:00,5087.49
18,60,1012,01-05-2019 09:30,5100.66
18,64,1013,01-05-2019 10:00,4990.71
18,73,1013,01-05-2019 10:30,4944.14
19,68,1013,01-05-2019 11:30,4849.3
21,60,1013,01-05-2019 12:00,4839.09
21,60,1012,01-05-2019 12:30,4742.1
21,57,1012,01-05-2019 13:00,4624.13
21,57,1012,01-05-2019 13:30,4662.45
21,60,1012,01-05-2019 14:00,4803.5
21,60,1012,01-05-2019 14:30,4822.69
22,57,1012,01-05-2019 15:00,4857.83
20,69,1012,01-05-2019 15:30,4927.19
21,64,1012,01-05-2019 16:00,5025.99
20,69,1012,01-05-2019 16:30,5166.71
20,69,1012,01-05-2019 17:00,5275.75
20,69,1013,01-05-2019 17:30,5452.93
20,69,1013,01-05-2019 18:00,5653.07
20,69,1013,01-05-2019 18:30,5694.1
19,73,1014,01-05-2019 19:00,5619.7
20,69,1014,01-05-2019 19:30,5405.92
20,69,1015,01-05-2019 20:00,5339.16
20,73,1014,01-05-2019 20:30,5120.46
20,73,1014,01-05-2019 21:00,5043.52
20,73,1014,01-05-2019 21:30,4829.1
20,73,1014,01-05-2019 22:00,4647.81
20,69,1014,01-05-2019 22:30,4503.97
20,69,1014,01-05-2019 23:00,4354.99
19,73,1014,01-05-2019 23:30,4500.37
20,69,1014,02-05-2019 00:00,4510.15
20,69,1013,02-05-2019 00:30,4297.98
19,73,1013,02-05-2019 01:00,4167.78
19,73,1014,02-05-2019 01:30,4024.2
18,83,1013,02-05-2019 02:00,3895.9
18,83,1014,02-05-2019 02:30,3795.82
18,88,1013,02-05-2019 03:00,3775.67
18,88,1013,02-05-2019 03:30,3711.27
18,88,1013,02-05-2019 04:00,3767.99
18,88,1014,02-05-2019 04:30,3806.69
18,88,1015,02-05-2019 05:00,3806.95
16,88,1016,02-05-2019 05:30,3904.62
16,88,1015,02-05-2019 06:00,4087.09
16,88,1016,02-05-2019 06:30,4414.02
16,83,1017,02-05-2019 07:00,4673.12
16,83,1017,02-05-2019 07:30,4935.99
16,83,1018,02-05-2019 08:00,5108.82
16,83,1018,02-05-2019 08:30,5179.72
17,77,1018,02-05-2019 09:00,5120.58
15,82,1019,02-05-2019 09:30,5095.61
15,88,1018,02-05-2019 10:00,5024.02
15,88,1018,02-05-2019 10:30,5002.4
17,77,1018,02-05-2019 11:00,4917.68
18,73,1017,02-05-2019 11:30,4742.31
18,73,1017,02-05-2019 12:00,4707.14
18,73,1016,02-05-2019 12:30,4771.89
18,78,1016,02-05-2019 13:00,4808.37
18,78,1016,02-05-2019 13:30,4844.56
19,73,1016,02-05-2019 14:00,4868.64
19,73,1015,02-05-2019 14:30,4838.77
19,68,1015,02-05-2019 15:00,4806.69
20,60,1015,02-05-2019 15:30,4886.51
20,56,1015,02-05-2019 16:00,4952.62
19,60,1014,02-05-2019 16:30,5080.42
19,52,1015,02-05-2019 17:00,5209.45
18,52,1015,02-05-2019 17:30,5319.26
18,56,1015,02-05-2019 18:00,5587.15
17,68,1015,02-05-2019 18:30,5652.72
17,68,1015,02-05-2019 19:00,5549.82
16,72,1016,02-05-2019 19:30,5357.83
16,72,1016,02-05-2019 20:00,5246.87
16,72,1016,02-05-2019 20:30,5129.04
15,77,1016,02-05-2019 21:00,5037.5
15,72,1016,02-05-2019 21:30,4905.96
15,72,1016,02-05-2019 22:00,4768.01
15,72,1016,02-05-2019 22:30,4621.96
15,72,1016,02-05-2019 23:00,4484.54
15,72,1016,02-05-2019 23:30,4694.7
15,72,1016,03-05-2019 00:00,4723.46
15,72,1016,03-05-2019 00:30,4493.59
15,77,1016,03-05-2019 01:00,4342.31
15,77,1016,03-05-2019 01:30,4184.11
14,82,1016,03-05-2019 02:00,3992.77
14,88,1016,03-05-2019 02:30,3891.95
14,82,1016,03-05-2019 03:00,3728.11
13,88,1015,03-05-2019 03:30,3721.06
13,88,1016,03-05-2019 04:00,3706.09
13,88,1016,03-05-2019 04:30,3784.24
12,94,1016,03-05-2019 05:00,3794.15
11,94,1016,03-05-2019 05:30,3952.29
11,94,1016,03-05-2019 06:00,4181.23
10,94,1016,03-05-2019 06:30,4488.54
11,88,1016,03-05-2019 07:00,4832.79
12,82,1016,03-05-2019 07:30,5009.8
13,77,1016,03-05-2019 08:00,5182.12
13,77,1017,03-05-2019 08:30,5141.96
15,72,1017,03-05-2019 09:00,5013.3
16,68,1017,03-05-2019 09:30,4891.96
17,59,1016,03-05-2019 10:00,4717.49
17,59,1016,03-05-2019 10:30,4582.36
19,43,1016,03-05-2019 11:00,4528.06
19,40,1016,03-05-2019 11:30,4450.6
19,40,1015,03-05-2019 12:00,4395.1
19,37,1015,03-05-2019 12:30,4405.39
20,38,1014,03-05-2019 13:00,4440.46
19,35,1014,03-05-2019 13:30,4441.55
20,33,1014,03-05-2019 14:00,4495.43
20,33,1014,03-05-2019 14:30,4518.43
20,30,1014,03-05-2019 15:00,4560.38
20,33,1014,03-05-2019 15:30,4657.6
20,35,1014,03-05-2019 16:00,4784.06
19,37,1014,03-05-2019 16:30,4909.22
18,37,1014,03-05-2019 17:00,5063.01
17,42,1014,03-05-2019 17:30,5249.8
16,45,1014,03-05-2019 18:00,5469.69
16,45,1015,03-05-2019 18:30,5593.82
15,51,1015,03-05-2019 19:00,5484.52
15,51,1015,03-05-2019 19:30,5325.12
15,51,1015,03-05-2019 20:00,5216.54
15,55,1015,03-05-2019 20:30,5099.19
14,59,1015,03-05-2019 21:00,5009.92
15,55,1015,03-05-2019 21:30,4847.65
14,59,1016,03-05-2019 22:00,4729.72
14,59,1016,03-05-2019 22:30,4598.13
15,55,1015,03-05-2019 23:00,4492.88
14,59,1015,03-05-2019 23:30,4682.42
13,67,1015,04-05-2019 00:00,4689.52
13,67,1015,04-05-2019 00:30,4425.35
13,72,1015,04-05-2019 01:00,4203.58
13,72,1015,04-05-2019 01:30,3961.45
13,72,1016,04-05-2019 02:00,3793.44
12,82,1016,04-05-2019 02:30,3609.87
12,82,1016,04-05-2019 03:00,3577.29
13,77,1016,04-05-2019 03:30,3489.28
12,82,1016,04-05-2019 04:00,3420.13
12,82,1016,04-05-2019 04:30,3439.54
12,82,1017,04-05-2019 05:00,3444.02
12,82,1017,04-05-2019 05:30,3538.35
12,77,1017,04-05-2019 06:00,3602.79
12,77,1017,04-05-2019 06:30,3732.75
12,77,1018,04-05-2019 07:00,3951.42
12,82,1018,04-05-2019 07:30,4046.85
12,77,1018,04-05-2019 08:00,4144.16
12,82,1019,04-05-2019 08:30,4319.08
13,67,1019,04-05-2019 09:00,4326.23
14,63,1020,04-05-2019 09:30,4270
13,63,1020,04-05-2019 10:00,4302.54
14,59,1020,04-05-2019 10:30,4271.68
15,51,1020,04-05-2019 11:00,4200.07
15,51,1020,04-05-2019 11:30,4260.18
14,63,1020,04-05-2019 12:00,4235.59
15,59,1020,04-05-2019 12:30,4249.3
12,88,1020,04-05-2019 13:00,4232.84
14,72,1020,04-05-2019 13:30,4271.3
15,63,1020,04-05-2019 14:00,4250.76
12,94,1020,04-05-2019 14:30,4212.95
15,72,1020,04-05-2019 15:00,4233.68
15,63,1020,04-05-2019 15:30,4258.83
15,63,1021,04-05-2019 16:00,4366.59
15,63,1021,04-05-2019 16:30,4540.88
14,67,1021,04-05-2019 17:00,4839.64
14,63,1022,04-05-2019 17:30,5005.96
13,72,1022,04-05-2019 18:00,5228.8
13,77,1022,04-05-2019 18:30,5364.38
13,77,1023,04-05-2019 19:00,5316.85
13,72,1023,04-05-2019 19:30,5165.43
12,77,1023,04-05-2019 20:00,5072.89
12,77,1023,04-05-2019 20:30,4979.93
12,77,1023,04-05-2019 21:00,4876.42
12,77,1024,04-05-2019 21:30,4835.8
12,77,1024,04-05-2019 22:00,4739.59
12,77,1024,04-05-2019 22:30,4631.27
12,72,1024,04-05-2019 23:00,4558.44
12,72,1024,04-05-2019 23:30,4744.6
11,82,1024,05-05-2019 00:00,4692
12,72,1024,05-05-2019 00:30,4459.19
11,77,1024,05-05-2019 01:00,4332.31
11,82,1024,05-05-2019 01:30,4179.46
11,82,1024,05-05-2019 02:00,3972.77
10,88,1024,05-05-2019 02:30,3797.85
10,94,1024,05-05-2019 03:00,3696.99
10,94,1024,05-05-2019 03:30,3634.08
10,94,1024,05-05-2019 04:00,3605.01
10,94,1024,05-05-2019 04:30,3583
10,94,1025,05-05-2019 05:00,3579.08
10,94,1024,05-05-2019 05:30,3629.75
11,88,1025,05-05-2019 06:00,3634.32
11,88,1025,05-05-2019 06:30,3764.86
11,88,1025,05-05-2019 07:00,3885.86
11,88,1024,05-05-2019 07:30,3926.53
11,88,1025,05-05-2019 08:00,4083.15
12,82,1025,05-05-2019 08:30,4168.5
13,77,1025,05-05-2019 09:00,4173.72
13,77,1025,05-05-2019 09:30,4171.9
14,72,1025,05-05-2019 10:00,4112.23
14,72,1025,05-05-2019 11:00,4168.03
14,77,1025,05-05-2019 11:30,4193.58
14,72,1025,05-05-2019 12:00,4208.28
14,72,1025,05-05-2019 12:30,4222
16,63,1024,05-05-2019 13:00,4188.13
15,68,1024,05-05-2019 13:30,4194.6
16,59,1024,05-05-2019 14:00,4186.98
15,68,1024,05-05-2019 14:30,4188.78
15,68,1024,05-05-2019 15:00,4155.63
16,63,1024,05-05-2019 15:30,4242.84
15,68,1024,05-05-2019 16:00,4388.18
15,68,1024,05-05-2019 16:30,4630.94
14,72,1024,05-05-2019 17:00,4907.84
14,72,1024,05-05-2019 17:30,5184.14
13,77,1024,05-05-2019 18:00,5497.33
13,77,1024,05-05-2019 18:30,5623.18
12,82,1024,05-05-2019 19:00,5548.39
12,77,1025,05-05-2019 19:30,5401.75
11,82,1025,05-05-2019 20:00,5308.04
11,82,1025,05-05-2019 20:30,5196.09
10,88,1024,05-05-2019 21:00,5079.98
9,87,1024,05-05-2019 21:30,4950.99
9,87,1024,05-05-2019 22:00,4804.56
8,93,1024,05-05-2019 22:30,4639.53
8,93,1024,05-05-2019 23:00,4522.22
10,88,1024,05-05-2019 23:30,4658.31
10,88,1024,06-05-2019 00:00,4735.11
10,88,1024,06-05-2019 00:30,4450.38
10,94,1023,06-05-2019 01:00,4275.28
10,88,1023,06-05-2019 01:30,4155.28
11,88,1023,06-05-2019 02:00,3993.2
11,88,1023,06-05-2019 02:30,3873.02
10,94,1023,06-05-2019 03:00,3781.92
10,94,1023,06-05-2019 03:30,3738.58
11,88,1023,06-05-2019 04:00,3762.15
11,88,1022,06-05-2019 04:30,3816.11
10,94,1022,06-05-2019 05:00,3844.72
9,94,1022,06-05-2019 05:30,4005.27
9,100,1023,06-05-2019 06:30,4656.9
10,94,1023,06-05-2019 07:00,5095.31
10,94,1023,06-05-2019 07:30,5415.73
10,94,1023,06-05-2019 08:00,5681.42
11,88,1023,06-05-2019 08:30,5711.09
12,82,1023,06-05-2019 09:00,5545.13
13,82,1023,06-05-2019 09:30,5453.88
15,63,1023,06-05-2019 10:00,5426.67
15,63,1023,06-05-2019 10:30,5301.81
14,67,1023,06-05-2019 11:00,5196.53
15,59,1022,06-05-2019 11:30,5155.17
15,59,1022,06-05-2019 12:00,5122.9
14,63,1021,06-05-2019 12:30,5116.45
15,59,1021,06-05-2019 13:00,5129.17
15,59,1020,06-05-2019 13:30,5123.52
15,55,1020,06-05-2019 14:00,5110.63
15,55,1020,06-05-2019 14:30,5074.69
15,51,1020,06-05-2019 15:00,5065.27
16,48,1019,06-05-2019 15:30,5074.77
16,48,1019,06-05-2019 16:00,5179.89
15,51,1019,06-05-2019 16:30,5405.45
14,59,1019,06-05-2019 17:00,5602.77
13,67,1019,06-05-2019 17:30,5890.31
12,72,1019,06-05-2019 18:00,6229.33
12,72,1019,06-05-2019 18:30,6405.33
11,82,1019,06-05-2019 19:00,6304.41
11,82,1019,06-05-2019 19:30,6151.49
10,88,1019,06-05-2019 20:00,6007.56
9,94,1018,06-05-2019 20:30,5850.08
8,93,1019,06-05-2019 21:00,5707.39
9,87,1018,06-05-2019 21:30,5595.74
9,94,1018,06-05-2019 22:00,5397.43
7,100,1018,06-05-2019 22:30,5158.63
7,93,1018,06-05-2019 23:00,4972.79
8,93,1017,06-05-2019 23:30,5111.29
9,94,1017,07-05-2019 00:00,5058.9
9,94,1017,07-05-2019 00:30,4811.97
10,94,1017,07-05-2019 01:00,4607.34
9,94,1016,07-05-2019 01:30,4460.84
10,88,1016,07-05-2019 02:00,4314.19
10,88,1016,07-05-2019 02:30,4171.37
8,100,1016,07-05-2019 03:00,4037.59
7,93,1015,07-05-2019 03:30,3995.2
7,93,1015,07-05-2019 04:00,3964.68
7,93,1015,07-05-2019 04:30,3941.9
8,87,1014,07-05-2019 05:00,4003.1
7,93,1014,07-05-2019 05:30,4158.18
7,87,1014,07-05-2019 06:00,4401.75
6,93,1014,07-05-2019 06:30,4832.47
8,82,1014,07-05-2019 07:00,5232.16
8,82,1014,07-05-2019 07:30,5502.62
9,82,1014,07-05-2019 08:00,5692.7
10,76,1014,07-05-2019 08:30,5554.99
11,77,1014,07-05-2019 09:00,5331.52
12,72,1013,07-05-2019 09:30,5181.97
13,67,1013,07-05-2019 10:00,4959.66
13,67,1013,07-05-2019 10:30,4849.1
14,59,1013,07-05-2019 11:00,4675.83
16,55,1013,07-05-2019 11:30,4589.19
17,49,1012,07-05-2019 12:00,4485.64
18,43,1011,07-05-2019 12:30,4397.67
18,40,1010,07-05-2019 13:00,4440.51
19,37,1010,07-05-2019 13:30,4415.53
18,37,1009,07-05-2019 14:00,4452.03
19,40,1009,07-05-2019 14:30,4531.3
18,40,1008,07-05-2019 15:00,4591.09
18,37,1008,07-05-2019 15:30,4657.95
18,40,1008,07-05-2019 16:00,4763.5
17,42,1008,07-05-2019 16:30,4960.96
17,42,1008,07-05-2019 17:00,5225.35
16,45,1008,07-05-2019 17:30,5538.56
16,48,1008,07-05-2019 18:00,5836.51
16,52,1007,07-05-2019 18:30,5899.37
16,52,1007,07-05-2019 19:00,5836.39
15,55,1006,07-05-2019 19:30,5720.37
15,55,1007,07-05-2019 20:00,5624.39
16,48,1007,07-05-2019 20:30,5522.25
15,55,1007,07-05-2019 21:00,5399.22
12,72,1008,07-05-2019 21:30,5173.1
12,72,1008,07-05-2019 22:00,4967.49
11,77,1007,07-05-2019 22:30,4752
11,82,1007,07-05-2019 23:00,4514.89
11,77,1006,07-05-2019 23:30,4601.58
11,82,1006,08-05-2019 00:00,4581.9
11,88,1006,08-05-2019 00:30,4388.45
10,94,1007,08-05-2019 01:00,4241.32
10,94,1007,08-05-2019 01:30,4043.25
10,82,1007,08-05-2019 02:00,3871.47
9,87,1007,08-05-2019 02:30,3807.97
9,94,1007,08-05-2019 03:00,3717.94
9,94,1007,08-05-2019 03:30,3632.1
9,94,1007,08-05-2019 04:00,3622.06
10,82,1007,08-05-2019 04:30,3645.26
10,88,1008,08-05-2019 05:00,3677.48
10,88,1008,08-05-2019 05:30,3919.49
10,88,1008,08-05-2019 06:00,4037.93
10,82,1009,08-05-2019 06:30,4449.16
10,82,1009,08-05-2019 07:00,4864.96
11,77,1010,08-05-2019 07:30,5143.25
11,82,1011,08-05-2019 08:00,5387.19
12,77,1011,08-05-2019 08:30,5493.46
12,82,1011,08-05-2019 09:00,5409.39
13,77,1012,08-05-2019 09:30,5367.99
13,77,1012,08-05-2019 10:00,5240.16
13,77,1012,08-05-2019 10:30,5185.17
14,67,1012,08-05-2019 11:00,5150.5
14,72,1013,08-05-2019 11:30,5081.29
15,63,1013,08-05-2019 12:00,5032.81
15,59,1013,08-05-2019 12:30,4963.29
15,59,1013,08-05-2019 13:00,4874.52
16,55,1013,08-05-2019 13:30,4877.84
16,52,1013,08-05-2019 14:00,4920.46
15,55,1013,08-05-2019 14:30,5011.73
15,51,1014,08-05-2019 15:00,5062.55
16,48,1014,08-05-2019 15:30,5086.32
14,63,1014,08-05-2019 16:00,5215.4
14,59,1015,08-05-2019 16:30,5388.37
14,55,1015,08-05-2019 17:00,5604.55
14,55,1015,08-05-2019 17:30,5944.94
13,59,1015,08-05-2019 18:00,6243.34
13,63,1016,08-05-2019 18:30,6343.88
12,67,1016,08-05-2019 19:00,6267.49
12,67,1016,08-05-2019 19:30,6120.63
12,67,1016,08-05-2019 20:00,5961.96
11,72,1016,08-05-2019 20:30,5798.91
11,67,1016,08-05-2019 21:00,5662.43
10,71,1016,08-05-2019 21:30,5424.16
9,76,1016,08-05-2019 22:00,5210.61
8,82,1016,08-05-2019 22:30,4938.69
9,71,1016,08-05-2019 23:00,4799.49
9,76,1015,08-05-2019 23:30,4890.17
8,82,1015,09-05-2019 00:00,4854.88
9,76,1015,09-05-2019 00:30,4648.12
10,71,1015,09-05-2019 01:00,4472.54
10,71,1014,09-05-2019 01:30,4328.9
10,71,1014,09-05-2019 02:00,4157.39
10,71,1014,09-05-2019 02:30,4015.74
10,76,1014,09-05-2019 03:00,3926.14
10,76,1014,09-05-2019 03:30,3870.53
11,67,1014,09-05-2019 04:00,3811.79
11,67,1014,09-05-2019 04:30,3808.83
11,67,1013,09-05-2019 05:00,3868.63
11,67,1013,09-05-2019 05:30,3961.58
11,67,1013,09-05-2019 06:00,4179.43
11,72,1013,09-05-2019 06:30,4619.93
11,67,1013,09-05-2019 07:00,4955.57
11,72,1013,09-05-2019 07:30,5231.89
11,72,1013,09-05-2019 08:00,5472.76
11,72,1013,09-05-2019 08:30,5547.8
12,67,1013,09-05-2019 09:00,5499.24
13,63,1012,09-05-2019 09:30,5532.78
13,63,1012,09-05-2019 10:00,5463.81
12,63,1012,09-05-2019 10:30,5380.44
13,59,1012,09-05-2019 11:00,5350.16
13,59,1012,09-05-2019 11:30,5323.29
14,55,1011,09-05-2019 12:00,5324.53
15,51,1010,09-05-2019 12:30,5256.77
16,42,1010,09-05-2019 13:00,5187.55
16,42,1009,09-05-2019 13:30,5286.42
15,45,1009,09-05-2019 14:00,5379.69
16,42,1009,09-05-2019 14:30,5386.42
15,45,1009,09-05-2019 15:00,5337.43
15,45,1008,09-05-2019 15:30,5402.89
15,45,1008,09-05-2019 16:00,5407.07
15,45,1008,09-05-2019 16:30,5492.03
15,48,1008,09-05-2019 17:00,5688.62
14,51,1008,09-05-2019 17:30,5871.32
14,51,1009,09-05-2019 18:00,6124.42
14,55,1009,09-05-2019 18:30,6201.51
14,51,1009,09-05-2019 19:00,6155.43
14,51,1009,09-05-2019 19:30,6008.83
14,51,1009,09-05-2019 20:00,5898.34
14,51,1009,09-05-2019 20:30,5703.46
15,45,1009,09-05-2019 21:00,5541.23
14,48,1009,09-05-2019 21:30,5350.82
14,48,1009,09-05-2019 22:00,5174.62
14,51,1009,09-05-2019 22:30,4908.04
11,82,1009,09-05-2019 23:00,4740.32
10,88,1009,09-05-2019 23:30,4896.74
9,94,1009,10-05-2019 00:00,4829.05
9,100,1009,10-05-2019 00:30,4562.3
9,94,1009,10-05-2019 01:00,4340.68
9,100,1009,10-05-2019 01:30,4218.84
9,100,1009,10-05-2019 02:00,4066.33
9,100,1009,10-05-2019 02:30,3911.41
9,100,1009,10-05-2019 03:00,3782.36
9,100,1009,10-05-2019 03:30,3764.48
9,100,1008,10-05-2019 04:00,3742.19
9,100,1009,10-05-2019 04:30,3746.24
9,94,1009,10-05-2019 05:00,3783.59
9,94,1009,10-05-2019 05:30,3981.89
9,94,1009,10-05-2019 06:00,4233.41
9,94,1009,10-05-2019 06:30,4569.93
9,94,1010,10-05-2019 07:00,5009.72
9,94,1010,10-05-2019 07:30,5261.18
9,94,1011,10-05-2019 08:00,5517.63
10,94,1011,10-05-2019 08:30,5617.03
10,94,1011,10-05-2019 09:00,5566.68
11,94,1012,10-05-2019 09:30,5543.43
11,94,1012,10-05-2019 10:00,5472.16
13,82,1013,10-05-2019 11:00,5390.96
13,82,1013,10-05-2019 11:30,5390.92
12,94,1013,10-05-2019 12:00,5396.55
12,88,1013,10-05-2019 12:30,5440.88
12,94,1013,10-05-2019 13:00,5500.62
11,94,1013,10-05-2019 13:30,5514.79
12,88,1013,10-05-2019 14:00,5579.35
12,82,1013,10-05-2019 14:30,5581.25
12,77,1014,10-05-2019 15:00,5576.48
12,77,1015,10-05-2019 15:30,5569.7
12,77,1015,10-05-2019 16:00,5719.73
11,88,1016,10-05-2019 16:30,5854.68
11,82,1017,10-05-2019 17:00,6028.05
11,82,1017,10-05-2019 17:30,6192.85
11,77,1018,10-05-2019 18:00,6312.63
11,72,1019,10-05-2019 18:30,6301.98
10,82,1019,10-05-2019 19:00,6205.98
11,72,1020,10-05-2019 19:30,6037.04
10,76,1020,10-05-2019 20:00,5931.27
10,71,1021,10-05-2019 20:30,5820
10,71,1021,10-05-2019 21:00,5684.87
10,71,1021,10-05-2019 21:30,5455.92
9,76,1022,10-05-2019 22:00,5253.29
10,67,1022,10-05-2019 22:30,5051.79
10,67,1022,10-05-2019 23:00,4915.35
10,62,1023,10-05-2019 23:30,5049.32
9,66,1023,11-05-2019 00:00,5016.36
9,66,1023,11-05-2019 00:30,4720.59
9,66,1023,11-05-2019 01:00,4600.79
9,71,1023,11-05-2019 01:30,4428.26
9,71,1023,11-05-2019 02:00,4256.98
9,76,1023,11-05-2019 02:30,4114.27
9,76,1023,11-05-2019 03:00,3951.1
9,76,1023,11-05-2019 03:30,3878.44
8,82,1023,11-05-2019 04:00,3869.72
9,76,1023,11-05-2019 04:30,3833.82
9,76,1023,11-05-2019 05:00,3835.98
9,76,1024,11-05-2019 05:30,3919.5
9,82,1024,11-05-2019 06:00,4036.23
9,82,1024,11-05-2019 06:30,4223.61
9,82,1024,11-05-2019 07:00,4402.15
9,82,1024,11-05-2019 07:30,4474.21
10,82,1025,11-05-2019 08:00,4660.34
11,82,1025,11-05-2019 08:30,4809.48
11,82,1025,11-05-2019 09:00,4859.76
12,77,1025,11-05-2019 09:30,4859.62
13,72,1025,11-05-2019 10:00,4874.6
13,72,1025,11-05-2019 10:30,4863.48
14,67,1025,11-05-2019 11:00,4828.38
14,67,1025,11-05-2019 11:30,4751.8
15,68,1025,11-05-2019 12:00,4688.67
14,67,1025,11-05-2019 12:30,4700.82
15,68,1025,11-05-2019 13:00,4606.64
15,63,1025,11-05-2019 13:30,4625.9
15,68,1025,11-05-2019 14:00,4612.03
15,72,1024,11-05-2019 14:30,4635.8
14,72,1025,11-05-2019 15:00,4678.35
14,77,1025,11-05-2019 15:30,4807.48
14,77,1025,11-05-2019 16:00,4937.01
14,77,1025,11-05-2019 16:30,5086.4
14,77,1025,11-05-2019 17:00,5276.27
14,77,1026,11-05-2019 17:30,5470.36
13,82,1026,11-05-2019 18:00,5662.8
13,82,1026,11-05-2019 18:30,5698.14
13,82,1027,11-05-2019 19:00,5607.6
13,88,1027,11-05-2019 19:30,5470.54
13,88,1027,11-05-2019 20:00,5295.06
13,88,1027,11-05-2019 20:30,5183.4
12,94,1027,11-05-2019 21:00,5070.14
12,88,1027,11-05-2019 21:30,5019.85
11,88,1027,11-05-2019 22:00,4916.51
12,82,1027,11-05-2019 22:30,4720.25
11,88,1027,11-05-2019 23:00,4653.26
11,82,1027,11-05-2019 23:30,4880.72
10,88,1027,12-05-2019 00:00,4825.16
10,82,1027,12-05-2019 00:30,4677.13
11,82,1027,12-05-2019 01:00,4491.77
12,72,1027,12-05-2019 01:30,4392.66
12,72,1027,12-05-2019 02:00,4232.09
12,72,1027,12-05-2019 02:30,4059.81
12,77,1027,12-05-2019 03:00,3918.22
12,77,1027,12-05-2019 03:30,3887.46
12,77,1026,12-05-2019 04:00,3821.49
12,77,1027,12-05-2019 04:30,3830.83
12,77,1027,12-05-2019 05:00,3837.04
12,77,1027,12-05-2019 05:30,3820.59
12,77,1027,12-05-2019 06:00,3889.42
12,77,1027,12-05-2019 06:30,4013.03
12,77,1027,12-05-2019 07:00,4149.58
12,77,1028,12-05-2019 07:30,4215.48
13,72,1028,12-05-2019 08:00,4377.96
13,72,1028,12-05-2019 08:30,4496.74
13,72,1028,12-05-2019 09:00,4545.37
14,67,1028,12-05-2019 09:30,4639.02
15,63,1028,12-05-2019 10:00,4599.41
15,63,1028,12-05-2019 10:30,4617.1
15,63,1028,12-05-2019 11:00,4556.81
15,63,1028,12-05-2019 11:30,4574.47
16,59,1028,12-05-2019 12:00,4545.7
16,59,1027,12-05-2019 12:30,4523.94
16,59,1027,12-05-2019 13:00,4412.68
16,59,1027,12-05-2019 13:30,4446.1
16,59,1027,12-05-2019 14:00,4448.67
16,59,1026,12-05-2019 14:30,4426.6
17,56,1027,12-05-2019 15:00,4469.58
16,55,1027,12-05-2019 15:30,4605
17,56,1027,12-05-2019 16:00,4757.22
16,55,1027,12-05-2019 16:30,4926.81
15,63,1027,12-05-2019 17:00,5180.14
15,63,1027,12-05-2019 17:30,5365.48
15,63,1028,12-05-2019 18:00,5626.09
14,67,1028,12-05-2019 18:30,5698
14,72,1028,12-05-2019 19:00,5623.22
14,67,1028,12-05-2019 19:30,5501.15
14,67,1028,12-05-2019 20:00,5323.77
14,67,1028,12-05-2019 20:30,5287.8
14,67,1028,12-05-2019 21:00,5137.7
14,67,1028,12-05-2019 21:30,5029.6
14,67,1028,12-05-2019 22:00,4874.74
14,72,1028,12-05-2019 22:30,4721.54
13,77,1027,12-05-2019 23:00,4651.45
13,77,1027,12-05-2019 23:30,4782.14
13,77,1027,13-05-2019 00:00,4773.18
13,77,1027,13-05-2019 00:30,4554.87
13,77,1027,13-05-2019 01:00,4433.36
13,77,1027,13-05-2019 01:30,4282.28
13,77,1027,13-05-2019 02:00,4167.24
13,77,1027,13-05-2019 02:30,4033.62
13,77,1027,13-05-2019 03:00,3934.44
11,88,1026,13-05-2019 03:30,3871.54
12,82,1026,13-05-2019 04:00,3825.75
12,82,1026,13-05-2019 04:30,3836.17
12,82,1026,13-05-2019 05:00,3902.12
12,82,1027,13-05-2019 05:30,4082.25
12,88,1027,13-05-2019 06:00,4297.67
12,88,1027,13-05-2019 06:30,4695.53
12,82,1027,13-05-2019 07:00,5130.13
11,88,1027,13-05-2019 07:30,5371.05
12,82,1027,13-05-2019 08:00,5548.42
13,77,1027,13-05-2019 08:30,5516.27
14,72,1027,13-05-2019 09:00,5417.81
15,68,1027,13-05-2019 09:30,5321.27
15,63,1027,13-05-2019 10:00,5186.49
15,63,1027,13-05-2019 10:30,5131.05
17,49,1027,13-05-2019 11:00,5055.84
16,48,1026,13-05-2019 11:30,4991.14
17,49,1026,13-05-2019 12:00,4929.51
17,49,1026,13-05-2019 12:30,4924.5
17,49,1025,13-05-2019 13:00,4880.05
16,52,1025,13-05-2019 13:30,4882.69
17,49,1025,13-05-2019 14:00,4832.23
17,45,1024,13-05-2019 14:30,4878.39
17,45,1024,13-05-2019 15:00,4904
16,48,1024,13-05-2019 15:30,4909.64
16,48,1024,13-05-2019 16:00,5092.8
15,51,1024,13-05-2019 16:30,5326.6
15,51,1025,13-05-2019 17:00,5593.16
14,55,1025,13-05-2019 17:30,5903.83
14,55,1025,13-05-2019 18:00,6134.31
13,63,1025,13-05-2019 18:30,6207.03
12,67,1025,13-05-2019 19:00,6097.5
13,63,1026,13-05-2019 19:30,5976.77
13,63,1026,13-05-2019 20:00,5835.37
12,67,1026,13-05-2019 20:30,5673.56
11,77,1026,13-05-2019 21:00,5527.43
11,77,1027,13-05-2019 21:30,5392.72
10,82,1027,13-05-2019 22:00,5178.57
11,72,1027,13-05-2019 22:30,4983.88
11,77,1027,13-05-2019 23:00,4792.48
11,77,1027,13-05-2019 23:30,4980.7
10,82,1026,14-05-2019 00:00,4962.23
11,77,1026,14-05-2019 00:30,4739.88
10,82,1026,14-05-2019 01:00,4540.5
11,77,1026,14-05-2019 01:30,4506.32
10,82,1026,14-05-2019 02:00,4350.02
10,82,1026,14-05-2019 02:30,4191.66
10,82,1026,14-05-2019 03:00,4115.67
10,82,1026,14-05-2019 03:30,4040.42
10,82,1026,14-05-2019 04:00,4065.2
10,82,1026,14-05-2019 04:30,4091
11,72,1026,14-05-2019 05:00,4158.91
10,82,1026,14-05-2019 05:30,4301.06
10,82,1026,14-05-2019 06:00,4540.99
12,72,1027,14-05-2019 06:30,4971.82
11,77,1027,14-05-2019 07:00,5338.89
12,72,1027,14-05-2019 07:30,5616.62
12,72,1028,14-05-2019 08:00,5810.32
12,72,1028,14-05-2019 08:30,5807.41
14,63,1028,14-05-2019 09:00,5607.43
15,59,1028,14-05-2019 09:30,5465.72
16,55,1029,14-05-2019 10:00,5277.28
16,55,1029,14-05-2019 10:30,5104.58
18,46,1028,14-05-2019 11:00,5013.34
18,46,1028,14-05-2019 11:30,4981.53
18,43,1028,14-05-2019 12:00,4915.03
18,46,1028,14-05-2019 12:30,4918.97
19,43,1027,14-05-2019 13:00,4925.53
19,46,1027,14-05-2019 13:30,4990.53
18,49,1027,14-05-2019 14:00,5007.33
19,43,1027,14-05-2019 14:30,5075.78
19,40,1027,14-05-2019 15:00,5150.8
18,46,1027,14-05-2019 15:30,5206.67
17,56,1027,14-05-2019 16:00,5372.71
17,56,1027,14-05-2019 16:30,5533.5
16,59,1028,14-05-2019 17:00,5721.12
16,59,1028,14-05-2019 17:30,6001.61
16,68,1028,14-05-2019 18:00,6165.38
15,72,1029,14-05-2019 18:30,6243.36
15,72,1029,14-05-2019 19:00,6178.8
14,77,1029,14-05-2019 19:30,6004.45
14,77,1030,14-05-2019 20:00,5892.71
14,77,1030,14-05-2019 20:30,5785.77
14,77,1030,14-05-2019 21:00,5612.51
13,82,1030,14-05-2019 21:30,5474.61
12,88,1030,14-05-2019 22:00,5297.14
13,82,1030,14-05-2019 22:30,5034.41
12,88,1030,14-05-2019 23:00,4858.33
12,88,1030,14-05-2019 23:30,5044.77
12,88,1030,15-05-2019 00:00,5040.12
12,88,1030,15-05-2019 00:30,4828.67
11,94,1030,15-05-2019 01:00,4682.28
11,94,1030,15-05-2019 01:30,4559.29
12,88,1030,15-05-2019 02:00,4399.45
11,88,1030,15-05-2019 02:30,4278.01
11,88,1030,15-05-2019 03:00,4127.06
10,94,1030,15-05-2019 03:30,4103.95
11,94,1030,15-05-2019 04:00,4084.74
11,94,1030,15-05-2019 04:30,4110.65
11,94,1030,15-05-2019 05:00,4194.32
11,94,1030,15-05-2019 05:30,4339.57
11,94,1030,15-05-2019 06:00,4518.56
12,88,1030,15-05-2019 06:30,4933.74
12,88,1031,15-05-2019 07:00,5325.01
12,88,1031,15-05-2019 07:30,5567.85
12,88,1031,15-05-2019 08:00,5788.03
12,88,1031,15-05-2019 08:30,5854.46
13,77,1031,15-05-2019 09:00,5754.75
13,72,1032,15-05-2019 09:30,5694.42
14,63,1032,15-05-2019 10:00,5584.18
14,63,1032,15-05-2019 10:30,5537.3
14,59,1031,15-05-2019 11:00,5462.46
14,59,1031,15-05-2019 11:30,5349.8
15,55,1031,15-05-2019 12:00,5298.58
15,51,1031,15-05-2019 12:30,5267.52
15,55,1030,15-05-2019 13:00,5220.53
15,51,1030,15-05-2019 13:30,5205.57
15,55,1030,15-05-2019 14:00,5191.08
16,52,1030,15-05-2019 14:30,5179.58
16,48,1030,15-05-2019 15:00,5179.79
16,48,1030,15-05-2019 15:30,5235.66
15,55,1030,15-05-2019 16:00,5343.64
14,59,1030,15-05-2019 16:30,5574.46
13,63,1030,15-05-2019 17:00,5752.79
12,67,1030,15-05-2019 17:30,6035.28
11,72,1030,15-05-2019 18:00,6332.92
11,77,1030,15-05-2019 18:30,6423.73
11,77,1031,15-05-2019 19:00,6334.01
11,77,1031,15-05-2019 19:30,6211.64
11,82,1031,15-05-2019 20:00,6140.94
11,82,1031,15-05-2019 20:30,5962.5
12,77,1031,15-05-2019 21:00,5813.21
12,77,1031,15-05-2019 21:30,5634.11
11,82,1030,15-05-2019 22:00,5488.74
11,82,1030,15-05-2019 22:30,5278.12
11,82,1030,15-05-2019 23:00,5106.96
11,82,1030,15-05-2019 23:30,5199.52
12,72,1030,16-05-2019 00:00,5188.95
11,82,1030,16-05-2019 00:30,4973.86
11,77,1029,16-05-2019 01:00,4742.48
11,77,1029,16-05-2019 01:30,4628
10,82,1029,16-05-2019 02:00,4434.05
9,82,1029,16-05-2019 02:30,4329.25
7,93,1029,16-05-2019 03:00,4237.29
6,93,1028,16-05-2019 03:30,4209
7,93,1028,16-05-2019 04:00,4174.76
7,93,1028,16-05-2019 04:30,4197.42
8,87,1028,16-05-2019 05:00,4275.81
8,87,1028,16-05-2019 05:30,4409.25
8,82,1029,16-05-2019 06:00,4689.91
8,87,1029,16-05-2019 06:30,5093.67
8,87,1029,16-05-2019 07:00,5469
9,82,1029,16-05-2019 07:30,5739.08
9,82,1029,16-05-2019 08:00,5959.71
9,82,1029,16-05-2019 08:30,6012.39
11,72,1029,16-05-2019 09:00,5948.4
12,67,1029,16-05-2019 09:30,5803.24
12,67,1029,16-05-2019 10:00,5642.45
12,67,1029,16-05-2019 10:30,5457.43
13,63,1028,16-05-2019 11:00,5329.71
13,63,1028,16-05-2019 11:30,5224.22
14,59,1028,16-05-2019 12:00,5139.2
14,59,1027,16-05-2019 12:30,5065.65
15,55,1027,16-05-2019 13:00,4995.22
16,52,1026,16-05-2019 13:30,5019.96
16,52,1026,16-05-2019 14:00,5027.24
16,52,1026,16-05-2019 14:30,5008.04
17,49,1026,16-05-2019 15:00,5061.02
16,48,1026,16-05-2019 15:30,5126.76
16,52,1026,16-05-2019 16:00,5285.51
15,59,1026,16-05-2019 16:30,5492.7
13,67,1026,16-05-2019 17:00,5754.36
12,72,1026,16-05-2019 17:30,5988.14
11,77,1026,16-05-2019 18:00,6391.59
11,77,1027,16-05-2019 18:30,6443.45
11,77,1027,16-05-2019 19:00,6432.35
11,77,1027,16-05-2019 19:30,6327.69
11,77,1027,16-05-2019 20:00,6320.86
9,87,1027,16-05-2019 20:30,6190.28
8,87,1027,16-05-2019 21:00,6056.16
8,93,1027,16-05-2019 21:30,5902.25
8,87,1027,16-05-2019 22:00,5644.21
8,87,1027,16-05-2019 22:30,5384.85
7,93,1027,16-05-2019 23:00,5235.22
7,93,1027,16-05-2019 23:30,5316.93
8,87,1026,17-05-2019 00:00,5264.1
7,93,1026,17-05-2019 00:30,5034.43
7,87,1026,17-05-2019 01:00,4832.4
7,87,1026,17-05-2019 01:30,4709.08
7,87,1026,17-05-2019 02:00,4520.77
6,93,1026,17-05-2019 02:30,4374.92
6,93,1025,17-05-2019 03:00,4312.7
7,87,1025,17-05-2019 03:30,4246.9
8,87,1025,17-05-2019 04:00,4230.86
6,93,1025,17-05-2019 04:30,4271.58
6,93,1026,17-05-2019 05:00,4343.15
7,87,1026,17-05-2019 05:30,4512.35
6,93,1026,17-05-2019 06:00,4761.34
6,93,1026,17-05-2019 06:30,5244.16
7,87,1027,17-05-2019 07:00,5693.1
7,87,1027,17-05-2019 07:30,5993.86
9,82,1027,17-05-2019 08:00,6283.45
11,77,1028,17-05-2019 08:30,6211.52
11,82,1028,17-05-2019 09:00,6032.75
12,77,1028,17-05-2019 09:30,5891.89
13,72,1028,17-05-2019 10:00,5659.2
13,72,1028,17-05-2019 10:30,5407.46
17,56,1028,17-05-2019 11:00,5213.22
17,52,1027,17-05-2019 12:00,5007.21
18,52,1027,17-05-2019 12:30,4984.98
18,49,1026,17-05-2019 13:00,4875.79
19,49,1026,17-05-2019 13:30,4929.82
19,49,1026,17-05-2019 14:00,4922.89
19,46,1026,17-05-2019 14:30,4961.18
19,46,1026,17-05-2019 15:00,4993.64
19,49,1026,17-05-2019 15:30,5044.92
17,56,1026,17-05-2019 16:00,5240.04
16,59,1026,17-05-2019 16:30,5447.32
14,67,1026,17-05-2019 17:00,5579.91
13,72,1026,17-05-2019 17:30,5874.61
13,72,1026,17-05-2019 18:00,6152.43
13,72,1027,17-05-2019 18:30,6262.06
12,77,1027,17-05-2019 19:00,6172.63
12,77,1027,17-05-2019 19:30,6067.81
11,77,1027,17-05-2019 20:00,5982.12
12,72,1028,17-05-2019 20:30,5985.56
11,77,1028,17-05-2019 21:00,5840.9
9,87,1028,17-05-2019 21:30,5696.04
8,87,1029,17-05-2019 22:00,5579.42
8,87,1029,17-05-2019 22:30,5419.88
9,82,1028,17-05-2019 23:00,5294.75
9,82,1028,17-05-2019 23:30,5413.93
8,87,1028,18-05-2019 00:00,5348.96
8,87,1028,18-05-2019 00:30,5060.66
8,87,1028,18-05-2019 01:00,4883.78
8,87,1028,18-05-2019 01:30,4713.39
6,93,1028,18-05-2019 02:00,4521.59
5,100,1029,18-05-2019 02:30,4314.95
6,87,1029,18-05-2019 03:00,4197.67
5,93,1028,18-05-2019 03:30,4177.56
5,93,1028,18-05-2019 04:00,4145.13
6,87,1029,18-05-2019 04:30,4129.24
5,93,1029,18-05-2019 05:00,4151.91
6,87,1029,18-05-2019 05:30,4238.99
5,93,1029,18-05-2019 06:00,4309.34
6,93,1029,18-05-2019 06:30,4530.11
6,87,1029,18-05-2019 07:00,4727.71
6,93,1029,18-05-2019 07:30,4881.1
7,87,1030,18-05-2019 08:00,5104.97
9,82,1030,18-05-2019 08:30,5208.26
11,77,1030,18-05-2019 09:00,5191.05
13,67,1030,18-05-2019 09:30,5104.8
14,67,1030,18-05-2019 10:00,4881.27
14,67,1030,18-05-2019 10:30,4710.36
18,49,1030,18-05-2019 11:00,4511.9
18,46,1030,18-05-2019 11:30,4330.08
19,43,1030,18-05-2019 12:00,4229.29
20,35,1029,18-05-2019 12:30,4121.96
21,35,1028,18-05-2019 13:00,4072.64
21,35,1028,18-05-2019 13:30,4073.55
21,27,1028,18-05-2019 14:00,4085.83
21,31,1027,18-05-2019 14:30,4155.09
22,27,1027,18-05-2019 15:00,4189.36
22,29,1027,18-05-2019 15:30,4316.8
19,49,1027,18-05-2019 16:00,4494.35
18,56,1027,18-05-2019 16:30,4640
16,63,1027,18-05-2019 17:00,4936.11
14,72,1028,18-05-2019 17:30,5175.34
14,72,1028,18-05-2019 18:00,5463.08
12,77,1029,18-05-2019 18:30,5578.63
12,77,1029,18-05-2019 19:00,5500.29
11,82,1029,18-05-2019 19:30,5365.71
11,82,1029,18-05-2019 20:00,5262.76
10,82,1029,18-05-2019 20:30,5198.05
11,82,1029,18-05-2019 21:00,5101.53
10,82,1030,18-05-2019 21:30,5030.19
10,82,1029,18-05-2019 22:00,4965.18
9,82,1029,18-05-2019 22:30,4858.58
9,87,1029,18-05-2019 23:00,4815.35
9,87,1029,18-05-2019 23:30,4976.82
8,87,1029,19-05-2019 00:00,4961.04
9,82,1029,19-05-2019 00:30,4740.61
7,87,1028,19-05-2019 01:00,4548.44
7,87,1028,19-05-2019 01:30,4387.67
7,87,1028,19-05-2019 02:00,4152.32
7,87,1028,19-05-2019 02:30,3995.54
8,87,1028,19-05-2019 03:00,3907.86
12,72,1028,19-05-2019 03:30,3836.8
13,67,1028,19-05-2019 04:00,3789.93
12,72,1028,19-05-2019 04:30,3748.22
12,72,1028,19-05-2019 05:00,3729.62
13,67,1027,19-05-2019 05:30,3723.09
13,67,1028,19-05-2019 06:00,3786.6
13,67,1028,19-05-2019 06:30,3889.04
14,63,1028,19-05-2019 07:00,3981.23
14,63,1028,19-05-2019 07:30,4076.77
14,63,1028,19-05-2019 08:00,4252.94
14,63,1028,19-05-2019 08:30,4397.39
16,55,1028,19-05-2019 09:00,4497.52
16,55,1028,19-05-2019 09:30,4480.72
16,55,1028,19-05-2019 10:00,4368.82
16,55,1028,19-05-2019 10:30,4244.95
18,49,1028,19-05-2019 11:00,4091.32
19,46,1028,19-05-2019 11:30,3916.38
19,43,1027,19-05-2019 12:00,3840.63
19,46,1026,19-05-2019 12:30,3808.82
20,43,1026,19-05-2019 13:00,3810.1
20,40,1025,19-05-2019 13:30,3827.59
20,40,1025,19-05-2019 14:00,3804.66
21,38,1025,19-05-2019 14:30,3794.97
20,40,1025,19-05-2019 15:00,3916.49
19,43,1025,19-05-2019 15:30,4057.55
20,40,1025,19-05-2019 16:00,4245.42
19,43,1025,19-05-2019 16:30,4451.9
18,49,1025,19-05-2019 17:00,4676.46
17,56,1024,19-05-2019 17:30,5015.98
16,59,1025,19-05-2019 18:00,5377.78
16,59,1025,19-05-2019 18:30,5468.11
15,63,1025,19-05-2019 19:00,5419.03
15,63,1025,19-05-2019 19:30,5265.51
15,63,1025,19-05-2019 20:00,5151.23
15,63,1025,19-05-2019 20:30,5048.43
14,67,1025,19-05-2019 21:00,4875
13,72,1024,19-05-2019 21:30,4781.35
13,72,1024,19-05-2019 22:00,4611.8
13,72,1024,19-05-2019 22:30,4465.49
13,72,1023,19-05-2019 23:00,4374.62
13,72,1023,19-05-2019 23:30,4515.96
13,72,1023,20-05-2019 00:00,4547.44
13,72,1023,20-05-2019 00:30,4320.72
13,72,1023,20-05-2019 01:00,4147.62
13,67,1022,20-05-2019 01:30,3975.17
14,67,1022,20-05-2019 02:00,3869.42
14,67,1022,20-05-2019 02:30,3729.71
14,67,1021,20-05-2019 03:00,3633.32
15,63,1021,20-05-2019 03:30,3521.39
15,63,1021,20-05-2019 04:00,3499.77
16,59,1020,20-05-2019 04:30,3540.3
17,56,1021,20-05-2019 05:00,3580.73
17,56,1020,20-05-2019 05:30,3773.68
17,56,1020,20-05-2019 06:00,4003.25
16,59,1020,20-05-2019 06:30,4417.48
16,59,1020,20-05-2019 07:00,4867.46
15,68,1021,20-05-2019 07:30,5189.12
15,68,1022,20-05-2019 08:00,5414.27
16,63,1022,20-05-2019 08:30,5523.24
16,63,1021,20-05-2019 09:00,5512.61
16,63,1020,20-05-2019 09:30,5504.98
16,63,1020,20-05-2019 10:00,5522.91
16,63,1020,20-05-2019 10:30,5577.57
15,72,1020,20-05-2019 11:00,5511.14
15,72,1019,20-05-2019 11:30,5581.2
17,68,1019,20-05-2019 12:00,5520.05
17,64,1018,20-05-2019 12:30,5369.05
17,64,1018,20-05-2019 13:00,5147.11
16,72,1018,20-05-2019 13:30,5163.63
17,68,1018,20-05-2019 14:00,5205.82
17,68,1018,20-05-2019 14:30,5190.37
17,68,1018,20-05-2019 15:00,5154.07
17,68,1018,20-05-2019 15:30,5079.65
17,68,1018,20-05-2019 16:00,5230.42
16,72,1018,20-05-2019 16:30,5413.73
16,72,1018,20-05-2019 17:00,5547.43
15,77,1019,20-05-2019 17:30,5700.64
15,77,1019,20-05-2019 18:00,5987.4
15,82,1019,20-05-2019 18:30,6036.24
15,77,1019,20-05-2019 19:00,5912.33
15,77,1020,20-05-2019 19:30,5766.15
14,82,1020,20-05-2019 20:00,5614.6
14,88,1020,20-05-2019 20:30,5428.14
13,88,1020,20-05-2019 21:00,5308.42
13,88,1020,20-05-2019 21:30,5185.02
14,82,1021,20-05-2019 22:00,5048.47
12,88,1021,21-05-2019 00:00,4918.82
11,94,1021,21-05-2019 00:30,4696.59
11,88,1021,21-05-2019 01:00,4503.19
11,88,1020,21-05-2019 01:30,4359.98
11,88,1020,21-05-2019 02:00,4178
11,88,1021,21-05-2019 02:30,4077.18
11,88,1020,21-05-2019 03:00,3992.67
11,88,1021,21-05-2019 03:30,3938.6
11,88,1021,21-05-2019 04:00,3930.98
11,88,1021,21-05-2019 04:30,3935.58
11,82,1021,21-05-2019 05:00,4012.54
11,82,1021,21-05-2019 05:30,4200.88
10,88,1021,21-05-2019 06:00,4408.87
11,82,1022,21-05-2019 06:30,4813.41
10,88,1022,21-05-2019 07:00,5197.42
10,88,1023,21-05-2019 07:30,5506.63
11,88,1023,21-05-2019 08:00,5750.6
12,82,1023,21-05-2019 08:30,5779.24
13,77,1024,21-05-2019 09:00,5682.38
14,77,1024,21-05-2019 09:30,5592.98
16,68,1024,21-05-2019 10:00,5434.98
16,68,1024,21-05-2019 10:30,5256.73
17,59,1023,21-05-2019 11:00,5193.45
19,49,1023,21-05-2019 11:30,5113.03
19,49,1023,21-05-2019 12:00,4991.96
19,46,1022,21-05-2019 12:30,4941.49
20,46,1022,21-05-2019 13:00,4980.88
19,46,1022,21-05-2019 13:30,5005.99
19,49,1022,21-05-2019 14:00,5059.14
19,49,1022,21-05-2019 14:30,5103.25
19,49,1022,21-05-2019 15:00,5129.86
18,52,1022,21-05-2019 15:30,5163.48
18,52,1022,21-05-2019 16:00,5307.97
17,56,1023,21-05-2019 16:30,5462.58
16,72,1023,21-05-2019 17:00,5617.58
15,72,1023,21-05-2019 17:30,5818.35
14,77,1023,21-05-2019 18:00,6048.42
15,77,1023,21-05-2019 18:30,6089.88
14,82,1024,21-05-2019 19:00,5999.5
14,77,1024,21-05-2019 19:30,5864.13
14,77,1024,21-05-2019 20:00,5775.91
13,82,1025,21-05-2019 20:30,5691.95
13,82,1025,21-05-2019 21:00,5522.32
13,82,1025,21-05-2019 21:30,5407.94
13,82,1025,21-05-2019 22:00,5260.09
13,82,1025,21-05-2019 22:30,5033.1
13,82,1025,21-05-2019 23:00,4821.89
13,82,1025,21-05-2019 23:30,4961.15
12,82,1025,22-05-2019 00:00,4901.23
12,88,1025,22-05-2019 00:30,4667.39
12,82,1025,22-05-2019 01:00,4504.43
12,82,1025,22-05-2019 01:30,4450.18
11,88,1025,22-05-2019 02:00,4236.88
12,82,1025,22-05-2019 02:30,4136.52
12,82,1025,22-05-2019 03:00,4032.85
13,77,1026,22-05-2019 03:30,4022.9
12,82,1026,22-05-2019 04:00,4001.73
12,77,1026,22-05-2019 04:30,4022.62
11,82,1026,22-05-2019 05:00,4080.14
11,82,1026,22-05-2019 05:30,4262.76
11,82,1026,22-05-2019 06:00,4510.53
11,82,1027,22-05-2019 06:30,4875.49
11,82,1027,22-05-2019 07:00,5334.24
11,82,1027,22-05-2019 07:30,5661.93
12,77,1028,22-05-2019 08:00,5907.53
13,72,1028,22-05-2019 08:30,5889.59
14,67,1028,22-05-2019 09:00,5699.12
16,63,1028,22-05-2019 09:30,5521.65
17,64,1028,22-05-2019 10:00,5377.95
17,64,1028,22-05-2019 10:30,5232.33
19,49,1028,22-05-2019 11:00,5089.94
20,46,1028,22-05-2019 11:30,4972.28
20,43,1028,22-05-2019 12:00,4902.06
21,38,1027,22-05-2019 12:30,4867.7
20,43,1027,22-05-2019 13:00,4856.09
21,38,1026,22-05-2019 13:30,4910.33
21,40,1026,22-05-2019 14:00,4913.4
21,38,1026,22-05-2019 14:30,4963.03
22,36,1026,22-05-2019 15:00,5006.59
21,38,1026,22-05-2019 15:30,5094.76
21,38,1026,22-05-2019 16:00,5246.81
20,40,1026,22-05-2019 16:30,5447.13
18,49,1026,22-05-2019 17:00,5620.99
16,59,1027,22-05-2019 17:30,5801.49
15,63,1027,22-05-2019 18:00,6064.89
15,55,1027,22-05-2019 18:30,6128.46
15,59,1027,22-05-2019 19:00,6001.36
13,72,1027,22-05-2019 19:30,5925.71
14,72,1028,22-05-2019 20:00,5816.96
12,82,1027,22-05-2019 20:30,5701.66
13,77,1028,22-05-2019 21:00,5585.89
13,77,1028,22-05-2019 21:30,5462.91
12,82,1027,22-05-2019 22:00,5298.4
13,77,1027,22-05-2019 22:30,5081.36
15,59,1020,22-05-2019 22:30,5081.36
16,52,1020,22-05-2019 23:00,4909.87
16,52,1020,22-05-2019 23:30,5031.12
13,77,1027,23-05-2019 00:00,5019.38
12,82,1027,23-05-2019 00:30,4811.59
12,82,1026,23-05-2019 01:00,4626.34
12,82,1026,23-05-2019 01:30,4459
12,82,1026,23-05-2019 02:00,4299.16
11,88,1026,23-05-2019 02:30,4118.37
12,77,1026,23-05-2019 03:00,4060.89
12,77,1025,23-05-2019 03:30,4034.53
13,72,1025,23-05-2019 04:00,4002.25
13,72,1025,23-05-2019 04:30,4030.04
12,77,1025,23-05-2019 05:00,4123.92
12,77,1025,23-05-2019 05:30,4257.29
12,77,1025,23-05-2019 06:00,4494.47
12,77,1025,23-05-2019 06:30,4900.71
11,82,1026,23-05-2019 07:00,5253.82
13,72,1026,23-05-2019 07:30,5535.67
13,72,1026,23-05-2019 08:00,5806.74
13,72,1026,23-05-2019 08:30,5777.08
14,67,1026,23-05-2019 09:00,5624.32
15,63,1026,23-05-2019 09:30,5458.37
17,56,1026,23-05-2019 10:00,5248.93
19,49,1025,23-05-2019 11:00,4931.59
19,46,1024,23-05-2019 11:30,4788.3
20,43,1024,23-05-2019 12:00,4734.41
20,40,1023,23-05-2019 12:30,4659.04
20,46,1023,23-05-2019 13:00,4637.29
20,43,1022,23-05-2019 13:30,4673.05
21,40,1022,23-05-2019 14:00,4682.31
20,43,1021,23-05-2019 14:30,4767.17
21,40,1021,23-05-2019 15:00,4821.92
20,43,1021,23-05-2019 15:30,4910.92
20,40,1021,23-05-2019 16:00,5094.76
18,49,1021,23-05-2019 16:30,5244.33
17,56,1021,23-05-2019 17:00,5556.49
17,56,1021,23-05-2019 17:30,5720.47
16,59,1021,23-05-2019 18:00,5892.64
16,59,1021,23-05-2019 18:30,5899.16
16,59,1021,23-05-2019 19:00,5860.88
15,63,1021,23-05-2019 19:30,5689.65
16,59,1021,23-05-2019 20:00,5593.56
16,59,1021,23-05-2019 20:30,5417.67
16,55,1020,23-05-2019 21:00,5302.77
16,55,1020,23-05-2019 21:30,5214.54
16,55,1020,23-05-2019 22:00,5018.23
15,59,1020,23-05-2019 22:30,4753.99
16,52,1020,23-05-2019 23:00,4622.1
16,52,1020,23-05-2019 23:30,4747.21
16,52,1019,24-05-2019 00:00,4752.08
16,52,1019,24-05-2019 00:30,4558.77
16,52,1019,24-05-2019 01:00,4411.39
16,48,1018,24-05-2019 01:30,4325.68
16,48,1018,24-05-2019 02:00,4177.23
15,48,1018,24-05-2019 02:30,4030.31
15,48,1017,24-05-2019 03:00,3966.8
15,48,1017,24-05-2019 03:30,3895.24
15,48,1018,24-05-2019 04:00,3863.69
15,45,1018,24-05-2019 04:30,3864.43
15,48,1017,24-05-2019 05:00,3890.17
15,48,1017,24-05-2019 05:30,4013.69
15,45,1017,24-05-2019 06:00,4209.86
15,45,1017,24-05-2019 06:30,4510.67
14,48,1017,24-05-2019 07:00,4885.72
15,45,1017,24-05-2019 07:30,5153.84
15,45,1018,24-05-2019 08:00,5340.11
14,51,1019,24-05-2019 08:30,5449.89
15,48,1019,24-05-2019 09:00,5464.34
15,51,1019,24-05-2019 09:30,5465.92
14,72,1018,24-05-2019 10:00,5492.91
14,72,1018,24-05-2019 10:30,5494.36
13,72,1017,24-05-2019 11:00,5464.67
14,63,1017,24-05-2019 11:30,5408.56
15,59,1017,24-05-2019 12:00,5440.33
16,55,1016,24-05-2019 12:30,5366.4
16,55,1015,24-05-2019 13:00,5130.27
17,52,1015,24-05-2019 13:30,5058.5
17,52,1015,24-05-2019 14:00,5096.09
18,49,1014,24-05-2019 14:30,5115.3
19,49,1014,24-05-2019 15:00,5002.93
18,52,1014,24-05-2019 15:30,5020.78
16,59,1014,24-05-2019 16:00,5071.2
16,59,1014,24-05-2019 16:30,5227.24
16,59,1014,24-05-2019 17:00,5378.82
16,59,1014,24-05-2019 17:30,5534.91
16,63,1014,24-05-2019 18:00,5753.24
16,63,1014,24-05-2019 18:30,5746.49
16,63,1015,24-05-2019 19:00,5620.83
16,59,1015,24-05-2019 19:30,5522.5
16,59,1015,24-05-2019 20:00,5456.12
15,63,1014,24-05-2019 20:30,5358.55
15,63,1014,24-05-2019 21:00,5262.25
15,63,1015,24-05-2019 21:30,5164.61
15,68,1015,24-05-2019 22:00,5007.79
15,68,1015,24-05-2019 22:30,4831.05
15,68,1015,24-05-2019 23:00,4744.27
15,68,1015,24-05-2019 23:30,4848.73
14,77,1014,25-05-2019 00:00,4859.15
14,77,1014,25-05-2019 00:30,4625.44
14,77,1014,25-05-2019 01:00,4428.42
14,77,1014,25-05-2019 01:30,4280.68
14,77,1014,25-05-2019 02:00,4096.88
14,77,1014,25-05-2019 02:30,3943.16
14,77,1014,25-05-2019 03:00,3853.09
14,77,1013,25-05-2019 03:30,3765.39
14,77,1013,25-05-2019 04:00,3730.22
13,82,1013,25-05-2019 04:30,3776.16
13,82,1013,25-05-2019 05:00,3780.66
12,88,1013,25-05-2019 05:30,3848.45
12,88,1013,25-05-2019 06:00,3903.38
12,88,1013,25-05-2019 06:30,4065.82
12,88,1013,25-05-2019 07:00,4175.89
12,88,1013,25-05-2019 07:30,4276.96
12,88,1013,25-05-2019 08:00,4398.26
14,72,1014,25-05-2019 08:30,4449.82
14,72,1014,25-05-2019 09:00,4493.87
16,59,1014,25-05-2019 09:30,4468.15
16,59,1013,25-05-2019 10:00,4337.5
16,59,1013,25-05-2019 10:30,4257.9
18,49,1013,25-05-2019 11:00,4132.35
18,49,1012,25-05-2019 11:30,4042.32
18,46,1012,25-05-2019 12:00,3989.81
18,46,1012,25-05-2019 12:30,3920.06
18,46,1011,25-05-2019 13:00,3910.32
18,49,1011,25-05-2019 13:30,3942.64
18,49,1011,25-05-2019 14:00,3951.81
18,49,1011,25-05-2019 14:30,4102.47
18,49,1010,25-05-2019 15:00,4186.46
18,49,1010,25-05-2019 15:30,4202.65
18,52,1010,25-05-2019 16:00,4373.4
18,52,1010,25-05-2019 16:30,4548.76
17,56,1010,25-05-2019 17:00,4803.9
17,56,1010,25-05-2019 17:30,5066.23
12,88,1011,25-05-2019 18:00,5263.17
13,82,1011,25-05-2019 18:30,5293.35
12,88,1011,25-05-2019 19:00,5258.58
13,88,1011,25-05-2019 19:30,5130.72
13,88,1012,25-05-2019 20:00,5047.06
12,94,1011,25-05-2019 20:30,4925.95
12,94,1012,25-05-2019 21:00,4823.17
12,94,1012,25-05-2019 21:30,4752.22
12,82,1012,25-05-2019 22:00,4663.62
12,82,1012,25-05-2019 22:30,4565.79
12,72,1012,25-05-2019 23:00,4504.15
11,77,1012,25-05-2019 23:30,4683.69
11,72,1013,26-05-2019 00:00,4659.76
11,72,1013,26-05-2019 00:30,4501.24
10,76,1013,26-05-2019 01:00,4300.5
10,71,1013,26-05-2019 01:30,4142.2
9,76,1013,26-05-2019 02:00,4034.07
9,76,1013,26-05-2019 02:30,3782.8
10,71,1013,26-05-2019 03:00,3703.8
9,76,1013,26-05-2019 03:30,3702.55
9,76,1013,26-05-2019 04:00,3595.76
8,82,1013,26-05-2019 04:30,3583.04
9,71,1013,26-05-2019 05:00,3631.91
9,71,1013,26-05-2019 05:30,3733.05
8,76,1013,26-05-2019 06:00,3773.9
8,76,1013,26-05-2019 06:30,3895
8,76,1014,26-05-2019 07:00,4038.65
9,71,1014,26-05-2019 07:30,4123.46
8,76,1014,26-05-2019 08:00,4273.48
9,76,1014,26-05-2019 08:30,4418.44
10,71,1014,26-05-2019 09:00,4406.39
11,62,1014,26-05-2019 09:30,4387.76
12,58,1014,26-05-2019 10:00,4252.3
12,58,1014,26-05-2019 10:30,4159.73
13,51,1014,26-05-2019 11:00,3989.49
13,51,1013,26-05-2019 11:30,3869.02
13,51,1013,26-05-2019 12:00,3879.57
13,47,1012,26-05-2019 12:30,3970.29
14,48,1012,26-05-2019 13:00,4082.45
14,48,1011,26-05-2019 13:30,4242.19
14,51,1011,26-05-2019 14:00,4221.02
14,51,1010,26-05-2019 14:30,4268.14
14,55,1010,26-05-2019 15:00,4327.92
13,63,1010,26-05-2019 15:30,4528.83
13,63,1009,26-05-2019 16:00,4645.47
13,67,1009,26-05-2019 16:30,4827.63
12,72,1008,26-05-2019 17:00,5086.34
12,72,1008,26-05-2019 17:30,5370.1
12,72,1008,26-05-2019 18:00,5677.04
12,77,1007,26-05-2019 18:30,5686.11
12,72,1007,26-05-2019 19:00,5575.71
12,72,1007,26-05-2019 19:30,5458
12,72,1007,26-05-2019 20:00,5325.05
12,77,1007,26-05-2019 20:30,5223.97
12,77,1007,26-05-2019 21:00,5137.49
9,87,1008,26-05-2019 21:30,4985.74
9,87,1008,26-05-2019 22:00,4875.82
9,87,1008,26-05-2019 22:30,4709.79
9,82,1007,26-05-2019 23:00,4550.87
9,80,1007,26-05-2019 23:30,4693.02
9,76,1006,27-05-2019 00:00,4692.7
10,71,1007,27-05-2019 00:30,4509.64
9,71,1007,27-05-2019 01:00,4327.61
9,71,1006,27-05-2019 01:30,4224.81
8,71,1006,27-05-2019 02:00,4097.58
8,71,1006,27-05-2019 02:30,3941.76
8,76,1006,27-05-2019 03:00,3836.42
8,71,1006,27-05-2019 03:30,3742.28
8,71,1006,27-05-2019 04:00,3719.84
7,71,1006,27-05-2019 04:30,3741.45
7,76,1006,27-05-2019 05:00,3805.58
7,71,1006,27-05-2019 05:30,3974.88
7,66,1006,27-05-2019 06:00,4237.79
7,66,1006,27-05-2019 06:30,4742.94
6,71,1007,27-05-2019 07:00,5242.25
6,71,1007,27-05-2019 07:30,5648.6
7,71,1008,27-05-2019 08:00,6000.65
7,71,1008,27-05-2019 08:30,6167.35
7,71,1008,27-05-2019 09:00,6193.26
8,66,1008,27-05-2019 09:30,6224.71
7,76,1009,27-05-2019 10:00,6284.89
7,76,1009,27-05-2019 10:30,6334.41
9,71,1009,27-05-2019 11:00,6228.45
10,67,1008,27-05-2019 11:30,6060.49
11,62,1008,27-05-2019 12:00,5734.18
12,58,1008,27-05-2019 12:30,5644.07
12,58,1009,27-05-2019 13:00,5571.78
12,58,1009,27-05-2019 13:30,5633.86
13,55,1009,27-05-2019 14:00,5629.27
12,58,1009,27-05-2019 14:30,5603.84
13,55,1010,27-05-2019 15:00,5601.69
12,58,1010,27-05-2019 15:30,5634.44
12,58,1011,27-05-2019 16:00,5797.75
10,71,1012,27-05-2019 16:30,6025.48
10,71,1012,27-05-2019 17:00,6273.42
9,76,1012,27-05-2019 17:30,6546.21
9,76,1013,27-05-2019 18:00,6854.28
9,76,1013,27-05-2019 18:30,6875.72
9,71,1013,27-05-2019 19:00,6740.09
8,82,1013,27-05-2019 19:30,6580.2
9,71,1013,27-05-2019 20:00,6341.2
9,71,1013,27-05-2019 20:30,6204.73
8,71,1014,27-05-2019 21:00,6046.79
8,71,1014,27-05-2019 21:30,5848.21
8,71,1014,27-05-2019 22:00,5575.2
8,66,1013,27-05-2019 22:30,5338.34
9,62,1013,27-05-2019 23:00,5146.65
8,71,1014,27-05-2019 23:30,5230.85
9,82,1002,28-05-2019 00:00,5157.17
10,71,1002,28-05-2019 00:30,4911.61
9,71,1001,28-05-2019 01:00,4790.03
9,71,1001,28-05-2019 01:30,4667.95
9,76,1002,28-05-2019 02:00,4481.03
8,82,1001,28-05-2019 02:30,4347.65
8,76,1001,28-05-2019 03:00,4231.01
8,71,1001,28-05-2019 03:30,4155.5
8,71,1001,28-05-2019 04:00,4179.9
9,62,1001,28-05-2019 04:30,4140.81
8,76,1001,28-05-2019 05:00,4198.89
8,71,1001,28-05-2019 05:30,4418.77
7,76,1001,28-05-2019 06:00,4596.58
8,66,1002,28-05-2019 06:30,5073.95
8,66,1002,28-05-2019 07:00,5518.34
7,66,1002,28-05-2019 07:30,5872.76
7,66,1002,28-05-2019 08:00,6142.37
7,66,1002,28-05-2019 08:30,6282.47
8,57,1003,28-05-2019 09:00,6282.67
8,62,1003,28-05-2019 09:30,6342.87
8,62,1003,28-05-2019 10:00,6282.9
8,62,1003,28-05-2019 10:30,6131.4
9,54,1004,28-05-2019 11:00,6100.06
8,66,1004,28-05-2019 11:30,6017.65
9,62,1004,28-05-2019 12:00,6002.02
10,54,1004,28-05-2019 12:30,5973.63
9,58,1004,28-05-2019 13:00,5966.39
10,54,1004,28-05-2019 13:30,5950.76
10,54,1004,28-05-2019 14:00,5964.73
10,54,1004,28-05-2019 14:30,5919.81
9,58,1005,28-05-2019 15:00,5841.06
7,76,1006,28-05-2019 15:30,5794.53
7,81,1007,28-05-2019 16:00,5888.62
5,87,1007,28-05-2019 16:30,6064.24
5,93,1009,28-05-2019 17:00,6233.67
6,87,1009,28-05-2019 17:30,6457.28
6,87,1010,28-05-2019 18:00,6621.39
6,87,1010,28-05-2019 18:30,6619.62
6,81,1011,28-05-2019 19:00,6533.19
5,81,1011,28-05-2019 19:30,6424.9
6,76,1011,28-05-2019 20:00,6262.08
6,76,1012,28-05-2019 20:30,6082.92
6,76,1012,28-05-2019 21:00,5935.1
6,81,1013,28-05-2019 21:30,5772.15
6,87,1014,28-05-2019 22:00,5554.87
5,87,1013,28-05-2019 22:30,5224.97
5,87,1014,28-05-2019 23:00,5034.32
6,81,1014,28-05-2019 23:30,5152.72
9,82,1002,29-05-2019 00:00,5067.63
10,71,1002,29-05-2019 00:30,4886.69
9,71,1001,29-05-2019 01:00,4722.66
9,71,1001,29-05-2019 01:30,4492.14
9,76,1002,29-05-2019 02:00,4303.35
8,82,1001,29-05-2019 02:30,4169.15
8,76,1001,29-05-2019 03:00,4076.48
8,71,1001,29-05-2019 03:30,4022.23
8,71,1001,29-05-2019 04:00,3968.68
9,62,1001,29-05-2019 04:30,4006.02
8,76,1001,29-05-2019 05:00,4047.55
8,71,1001,29-05-2019 05:30,4288.56
7,76,1001,29-05-2019 06:00,4507.59
8,66,1002,29-05-2019 06:30,4952.43
8,66,1002,29-05-2019 07:00,5458.99
7,66,1002,29-05-2019 07:30,5860.61
7,66,1002,29-05-2019 08:00,6163.52
7,66,1002,29-05-2019 08:30,6260.44
8,57,1003,29-05-2019 09:00,6218.24
8,62,1003,29-05-2019 09:30,6160.93
8,62,1003,29-05-2019 10:00,5978.43
8,62,1003,29-05-2019 10:30,5835.03
9,54,1004,29-05-2019 11:00,5723.45
8,66,1004,29-05-2019 11:30,5747.17
9,62,1004,29-05-2019 12:00,5675.74
10,54,1004,29-05-2019 12:30,5647.4
9,58,1004,29-05-2019 13:00,5641.17
10,54,1004,29-05-2019 13:30,5636.72
10,54,1004,29-05-2019 14:00,5722.6
10,54,1004,29-05-2019 14:30,5893.63
9,58,1005,29-05-2019 15:00,5944
7,76,1006,29-05-2019 15:30,6136.18
7,81,1007,29-05-2019 16:00,6497.03
5,87,1007,29-05-2019 16:30,6810.99
5,93,1009,29-05-2019 17:00,6864.11
6,87,1009,29-05-2019 17:30,7088.21
6,87,1010,29-05-2019 18:00,7358.98
6,87,1010,29-05-2019 18:30,7208.67
6,81,1011,29-05-2019 19:00,7149.83
5,81,1011,29-05-2019 19:30,7007.04
6,76,1011,29-05-2019 20:00,6905.13
6,76,1012,29-05-2019 20:30,6760.68
6,76,1012,29-05-2019 21:00,6543.88
6,81,1013,29-05-2019 21:30,6317
6,87,1014,29-05-2019 22:00,6081.23
5,87,1013,29-05-2019 22:30,5741.44
5,87,1014,29-05-2019 23:00,5497.76
6,81,1014,29-05-2019 23:30,5555.59
6,81,1014,30-05-2019 00:00,5471.56
6,81,1015,30-05-2019 00:30,5249.02
6,81,1015,30-05-2019 01:00,5015.4
6,87,1015,30-05-2019 01:30,4908.07
5,93,1015,30-05-2019 02:00,4713.74
6,87,1016,30-05-2019 02:30,4552.37
6,87,1016,30-05-2019 03:00,4453.94
6,87,1016,30-05-2019 03:30,4348.29
6,87,1017,30-05-2019 04:00,4319.77
6,87,1017,30-05-2019 04:30,4314.69
6,87,1018,30-05-2019 05:00,4419.41
6,87,1018,30-05-2019 05:30,4604.9
6,87,1019,30-05-2019 06:00,4894.21
5,93,1019,30-05-2019 06:30,5421.59
5,87,1019,30-05-2019 07:00,5824.18
5,87,1019,30-05-2019 07:30,6222.37
6,81,1020,30-05-2019 08:30,6757.76
7,76,1021,30-05-2019 09:00,6582.12
8,76,1021,30-05-2019 09:30,6535.71
9,76,1022,30-05-2019 10:00,6403.05
9,76,1022,30-05-2019 10:30,6203.25
11,67,1022,30-05-2019 11:00,6110.6
11,62,1022,30-05-2019 11:30,5922.9
11,62,1022,30-05-2019 12:00,5773.21
11,62,1022,30-05-2019 12:30,5812.94
11,62,1022,30-05-2019 13:00,5834.34
11,67,1022,30-05-2019 13:30,5940.55
12,58,1022,30-05-2019 14:00,5910.28
12,58,1022,30-05-2019 14:30,5881.21
11,62,1022,30-05-2019 15:00,5982.9
12,58,1022,30-05-2019 15:30,6095.75
11,62,1022,30-05-2019 16:00,6231.86
11,67,1023,30-05-2019 16:30,6415.29
11,72,1023,30-05-2019 17:00,6671.15
10,76,1023,30-05-2019 17:30,6840.35
10,76,1023,30-05-2019 18:00,7019.79
10,82,1024,30-05-2019 18:30,6949.81
10,82,1024,30-05-2019 19:00,6900.16
10,82,1024,30-05-2019 19:30,6716.67
10,82,1024,30-05-2019 20:00,6592.9
10,82,1024,30-05-2019 20:30,6444.45
10,88,1024,30-05-2019 21:00,6268.42
10,88,1024,30-05-2019 21:30,5975.55
10,88,1024,30-05-2019 22:00,5696.06
10,88,1024,30-05-2019 22:30,5447.02
11,82,1024,30-05-2019 23:00,5197.3
11,82,1024,30-05-2019 23:30,5287.41
10,94,1024,31-05-2019 00:00,5246.24
10,94,1024,31-05-2019 00:30,5011.23
10,94,1024,31-05-2019 01:00,4845.38
10,100,1024,31-05-2019 01:30,4665.8
10,100,1024,31-05-2019 02:00,4484.03
10,100,1024,31-05-2019 02:30,4339.99
10,100,1024,31-05-2019 03:00,4208.4
11,94,1024,31-05-2019 03:30,4130.71
11,94,1024,31-05-2019 04:00,4102.16
11,94,1024,31-05-2019 04:30,4103.34
11,94,1024,31-05-2019 05:00,4161.2
11,94,1024,31-05-2019 05:30,4341.1
11,94,1024,31-05-2019 06:00,4548.88
11,94,1025,31-05-2019 06:30,4994.8
11,94,1025,31-05-2019 07:00,5445.39
11,94,1026,31-05-2019 07:30,5815.41
11,94,1026,31-05-2019 08:00,6037.34
11,94,1026,31-05-2019 08:30,6209.48
11,94,1027,31-05-2019 09:00,6132.15
12,88,1027,31-05-2019 09:30,6244.21
11,94,1027,31-05-2019 10:00,6169.81
13,88,1027,31-05-2019 10:30,6082.06
13,82,1027,31-05-2019 11:00,6002.49
13,82,1027,31-05-2019 11:30,5900.85
12,88,1027,31-05-2019 12:00,5871.22
11,100,1027,31-05-2019 12:30,5862.22
12,94,1027,31-05-2019 13:00,5786.07
12,94,1027,31-05-2019 13:30,5897.25
12,88,1027,31-05-2019 14:00,5945.26
12,82,1027,31-05-2019 14:30,5922.41
11,88,1027,31-05-2019 15:00,5884.01
12,88,1027,31-05-2019 15:30,5945.71
11,94,1028,31-05-2019 16:00,5990.89
11,94,1028,31-05-2019 16:30,6248.92
11,94,1028,31-05-2019 17:00,6410.98
11,94,1028,31-05-2019 17:30,6551.91
11,94,1029,31-05-2019 18:00,6729.63
11,94,1029,31-05-2019 18:30,6609.07
11,94,1029,31-05-2019 19:00,6503.44
11,94,1029,31-05-2019 19:30,6346.21
11,94,1029,31-05-2019 20:00,6268.92
11,94,1030,31-05-2019 20:30,6139.03
11,94,1030,31-05-2019 21:00,6013.77
11,94,1030,31-05-2019 21:30,5833.92
11,88,1030,31-05-2019 22:00,5644.84
11,88,1030,31-05-2019 22:30,5427.82
11,88,1030,31-05-2019 23:00,5280.59
11,88,1030,31-05-2019 23:30,5401.74
